,        photo.jpg, Warsaw, 2013-09-05 14:08:15
0,         jhon.png, london, 2015-06-20 15:13:22
1,         myFriends.png, Warsaw, 2013-09-05 14:07:13
2,        Eiffel.jpg, Paris, 2015-07-23 08:03:02
3,        pisatower.jpg, Paris, 2015-07-22 23:59:59
4,        BOB.jpg, london, 2015-08-05 00:02:03
5,        notredame.png, Paris, 2015-09-01 12:00:00
6,        me.jpg, Warsaw, 2013-09-06 15:40:22
7,        a.png, Warsaw, 2016-02-13 13:33:50
8,        b.jpg, Warsaw, 2016-01-02 15:12:22
9,        c.jpg, Warsaw, 2016-01-02 14:34:30
10,        d.jpg, Warsaw, 2016-01-02 15:15:01
11,        e.png, Warsaw, 2016-01-02 09:49:09
12,        f.png, Warsaw, 2016-01-02 10:55:32
13,        g.jpg, Warsaw, 2016-02-29 22:13:11
